,algorithm,precision,rel_error,runtime
0,N4SID,9.943098e+00,1.401139e+01,6.273009e-03
1,FROLS,7.788786e+00,1.201495e+01,3.536911e-03
2,LSTM,6.522085e+00,3.037700e+01,4.431557e-02
3,CNN,9.267856e+00,1.153348e+01,4.208743e-02
4,qLSTM,1.997860e+01,4.426625e+01,5.446918e-03
5,qCNN,5.760558e+00,1.850838e+01,1.521010e-04
