,algorithm,precision,rel_error,runtime
0,N4SID,4.505526e+01,7.098326e+01,1.505287e-02
1,FROLS,2.698824e+01,5.054345e+01,1.036449e-02
2,LSTM,4.373079e+00,5.582988e+00,4.531128e-02
3,CNN,2.741684e+01,4.975188e+01,4.102063e-02
4,qLSTM,2.379972e+01,4.134283e+01,1.241312e-02
5,qCNN,7.870958e+00,2.375836e+01,1.632552e-04
