,algorithm,precision,rel_error,runtime
0,N4SID,4.051782e+01,6.898970e+01,2.680005e-02
1,FROLS,2.718736e+01,4.879914e+01,1.817106e-02
2,LSTM,1.267558e+01,8.097179e+00,4.664548e-02
3,CNN,2.695985e+01,4.215570e+01,4.014098e-02
4,qLSTM,2.332528e+01,2.543255e+01,2.179483e-02
5,qCNN,8.084995e+00,1.985527e+01,1.805109e-04
