,algorithm,precision,rel_error,runtime
0,N4SID,1.296925e+01,1.273072e+01,1.518327e-02
1,FROLS,7.303589e+00,1.048048e+01,1.034625e-02
2,LSTM,3.282336e+00,2.823268e+01,4.607353e-02
3,CNN,7.978574e+00,1.245805e+01,4.148462e-02
4,qLSTM,1.675481e+01,5.990200e+01,1.236890e-02
5,qCNN,4.779279e+00,1.576022e+01,1.669744e-04
