,algorithm,precision,rel_error,runtime
0,N4SID,1.131022e+01,1.375573e+01,2.918957e-02
1,FROLS,7.163608e+00,1.074395e+01,1.968896e-02
2,LSTM,1.108767e+01,3.490364e+01,5.033714e-02
3,CNN,9.271884e+00,1.277165e+01,4.464304e-02
4,qLSTM,1.772168e+01,4.835484e+01,2.187300e-02
5,qCNN,6.330770e+00,1.908272e+01,2.303602e-04
