,algorithm,precision,rel_error,runtime
0,N4SID,5.029677e+01,6.435624e+01,5.872687e-03
1,FROLS,2.737238e+01,4.470919e+01,3.344566e-03
2,LSTM,5.850376e+00,7.275103e+00,4.586939e-02
3,CNN,2.776541e+01,4.317808e+01,4.347613e-02
4,qLSTM,2.267690e+01,2.215711e+01,5.469298e-03
5,qCNN,7.642517e+00,1.927140e+01,1.614491e-04
